{
  "Obtain Token 7" : {
    "transaction" : "Obtain Token 7",
    "sampleCount" : 1000,
    "errorCount" : 12,
    "errorPct" : 1.2,
    "meanResTime" : 301.3279999999998,
    "medianResTime" : 280.0,
    "minResTime" : 84.0,
    "maxResTime" : 3799.0,
    "pct1ResTime" : 376.9,
    "pct2ResTime" : 441.0,
    "pct3ResTime" : 651.8900000000001,
    "throughput" : 0.006270036803924732,
    "receivedKBytesPerSec" : 0.013517201286762662,
    "sentKBytesPerSec" : 0.0024002484640024365
  },
  "Obtain Token 6" : {
    "transaction" : "Obtain Token 6",
    "sampleCount" : 1000,
    "errorCount" : 10,
    "errorPct" : 1.0,
    "meanResTime" : 306.97399999999965,
    "medianResTime" : 280.0,
    "minResTime" : 83.0,
    "maxResTime" : 3952.0,
    "pct1ResTime" : 387.69999999999993,
    "pct2ResTime" : 450.89999999999986,
    "pct3ResTime" : 635.97,
    "throughput" : 0.0062700439589646936,
    "receivedKBytesPerSec" : 0.013525470636945236,
    "sentKBytesPerSec" : 0.002400251203041172
  },
  "Obtain Token 8" : {
    "transaction" : "Obtain Token 8",
    "sampleCount" : 1000,
    "errorCount" : 785,
    "errorPct" : 78.5,
    "meanResTime" : 4361.640999999992,
    "medianResTime" : 4376.0,
    "minResTime" : 2712.0,
    "maxResTime" : 6149.0,
    "pct1ResTime" : 5064.9,
    "pct2ResTime" : 5275.849999999999,
    "pct3ResTime" : 5747.6900000000005,
    "throughput" : 0.006289493261251379,
    "receivedKBytesPerSec" : 0.011297010903861756,
    "sentKBytesPerSec" : 0.002407696639072794
  },
  "Obtain Token 3" : {
    "transaction" : "Obtain Token 3",
    "sampleCount" : 1000,
    "errorCount" : 174,
    "errorPct" : 17.4,
    "meanResTime" : 500.5690000000001,
    "medianResTime" : 235.0,
    "minResTime" : 67.0,
    "maxResTime" : 5094.0,
    "pct1ResTime" : 1266.1,
    "pct2ResTime" : 2686.7499999999995,
    "pct3ResTime" : 4353.490000000001,
    "throughput" : 0.006288548448256965,
    "receivedKBytesPerSec" : 0.012915990702733278,
    "sentKBytesPerSec" : 0.0024073349528483693
  },
  "Obtain Token 2" : {
    "transaction" : "Obtain Token 2",
    "sampleCount" : 1000,
    "errorCount" : 116,
    "errorPct" : 11.6,
    "meanResTime" : 427.85500000000025,
    "medianResTime" : 234.0,
    "minResTime" : 76.0,
    "maxResTime" : 5427.0,
    "pct1ResTime" : 368.79999999999995,
    "pct2ResTime" : 2101.349999999999,
    "pct3ResTime" : 4089.8,
    "throughput" : 0.006287764351996619,
    "receivedKBytesPerSec" : 0.013157982000255926,
    "sentKBytesPerSec" : 0.002407034790998706
  },
  "Obtain Token 5" : {
    "transaction" : "Obtain Token 5",
    "sampleCount" : 1000,
    "errorCount" : 20,
    "errorPct" : 2.0,
    "meanResTime" : 307.0920000000002,
    "medianResTime" : 273.0,
    "minResTime" : 85.0,
    "maxResTime" : 4542.0,
    "pct1ResTime" : 380.79999999999995,
    "pct2ResTime" : 449.7999999999997,
    "pct3ResTime" : 1555.0100000000027,
    "throughput" : 0.006277900717209978,
    "receivedKBytesPerSec" : 0.013503120712664653,
    "sentKBytesPerSec" : 0.0024032588683069447
  },
  "Total" : {
    "transaction" : "Total",
    "sampleCount" : 8000,
    "errorCount" : 1954,
    "errorPct" : 24.425,
    "meanResTime" : 1429.895499999997,
    "medianResTime" : 292.0,
    "minResTime" : 67.0,
    "maxResTime" : 54958.0,
    "pct1ResTime" : 4846.0,
    "pct2ResTime" : 5108.95,
    "pct3ResTime" : 5540.949999999999,
    "throughput" : 0.05015981669997864,
    "receivedKBytesPerSec" : 0.1023638663593634,
    "sentKBytesPerSec" : 0.019201804830460575
  },
  "Obtain Token 4" : {
    "transaction" : "Obtain Token 4",
    "sampleCount" : 1000,
    "errorCount" : 94,
    "errorPct" : 9.4,
    "meanResTime" : 422.71900000000016,
    "medianResTime" : 236.5,
    "minResTime" : 77.0,
    "maxResTime" : 54958.0,
    "pct1ResTime" : 373.0,
    "pct2ResTime" : 864.2499999999881,
    "pct3ResTime" : 3760.7400000000002,
    "throughput" : 0.006287360083053512,
    "receivedKBytesPerSec" : 0.013235095594830317,
    "sentKBytesPerSec" : 0.0024068800317939222
  },
  "Obtain Token 1" : {
    "transaction" : "Obtain Token 1",
    "sampleCount" : 1000,
    "errorCount" : 743,
    "errorPct" : 74.3,
    "meanResTime" : 4810.985999999999,
    "medianResTime" : 4909.0,
    "minResTime" : 3177.0,
    "maxResTime" : 6236.0,
    "pct1ResTime" : 5362.7,
    "pct2ResTime" : 5578.7,
    "pct3ResTime" : 6081.98,
    "throughput" : 0.006289491916289002,
    "receivedKBytesPerSec" : 0.011411730294730936,
    "sentKBytesPerSec" : 0.002407696124204383
  }
}